#Title	Text	Featured	YouTube
Inspiring stories	My journey	Y	CDV1w2e8mfE
Expert talk 1	Feeding children	Y	y6olbk5wsDo
Expert talk 2	Why are children behaving naughtily?	Y	3H5d2Xl0viE
Expert talk 3	What are children's rights?		GsARhrZXODs
Expert talk 4	Importance of speaking in mother tongue		PrHuCQk--oE
Mental health reinforcement	Parent child bonding	Y	XfwLQQGqEl0
Inspiring stories	My experiential learnings		HACTJkpfqQs
Parenting with depth	Growing as a parent		tXKVB2OjSZM
Parenting education	Developmental learning		gMKWczoA3xc
Phoenix penngal	Part 1		QTwsApmsgVo
Phoenix penngal	Part 2		1zffgliKqoo
Conscious parenting	In conversation with Aravind Bharathi		WInybaf0YG4
Homeschooling	Why and how		VzrZHZgkVq4
Homeschooling	Joys and challenges		mJncs8PC9MI
Parenting with wisdom	quality of life		Dba9MVvloe8
